T,x,y,z,Vx,Vy,Vz,V,Ax,Ay,Az,A,dx,dy,dz,displacement,V_pred_poly,V_pred_gpr,V_deviation_poly,V_deviation_gpr,V_pred,V_deviation,A_pred_poly,A_pred_gpr,A_deviation_poly,A_deviation_gpr,A_pred,A_deviation,displacement_pred_poly,displacement_pred_gpr,displacement_deviation_poly,displacement_deviation_gpr,displacement_pred,displacement_deviation
1,440770.0975522729,-103445.0900777133,1147017.315608511,16.1792296490432,-70.21215654616466,-81.15319585258204,110.3990480268307,1.361654005460438,0.637549400537242,0.876409639221672,4.129813012792489,0.0,0.0,0.0,0.0,114.95049074833707,113.51710513160916,-4.551442721506376,-3.118057104778458,113.51710513160916,-3.118057104778458,2.4201411599834857,4.129812977262101,1.7096718528090036,3.553038840919953e-08,4.129812977262101,3.553038840919953e-08,96.95346419474498,18.957948366445365,-96.95346419474498,-18.957948366445365,18.957948366445365,-18.957948366445365
2,440785.9272395193,-103516.0729870818,1146936.058359104,17.90600232118629,-73.62367664182493,-78.84904930177095,113.2743018909173,0.3845942957172127,0.8482090483377875,2.211871723124934,1.991528355950066,15.829687246412504,-70.98290936849662,-81.25724940700457,109.04995645082846,114.84117669446879,113.88414850472206,-1.5668748035514852,-0.6098466138047627,113.88414850472206,-0.6098466138047627,2.3891874928737304,1.9915283559510952,-0.3976591369236644,-1.0291767438275201e-12,1.9915283559510952,-1.0291767438275201e-12,98.06234090470534,101.15984049829191,10.987615546123124,7.890115952536547,101.15984049829191,7.890115952536547
3,440801.238063263,-103597.8589206392,1146853.843535494,16.66288598670979,-76.1001614119102,-79.83285684358307,115.0605520079462,2.443730658710802,1.512397815508992,2.013731810679777,4.039946447540159,15.310823743697256,-81.78593355740304,-82.2148236099165,116.9728065525325,114.73187204358301,114.20009227483914,0.32867996436318947,0.8604597331070636,114.20009227483914,0.8604597331070636,2.3592281597711247,4.039946413503064,1.6807182877690345,3.403709492033613e-08,4.039946413503064,3.403709492033613e-08,99.12252664696433,118.34361583977616,17.850279905568172,-1.3708092872436595,118.34361583977616,-1.3708092872436595
4,440817.3569655954,-103675.0011170336,1146775.238586312,17.21720956078217,-77.08670541626394,-79.89646938180752,116.4495505688508,0.3387580873995747,0.1726050641949006,1.393512348884282,1.550307936173967,16.118902332382277,-77.1421963943867,-78.60494918213226,111.30802088293818,114.62260630678668,114.45610338302374,1.8269442620641172,1.9934471858270513,114.45610338302374,1.9934471858270513,2.330250259781969,1.5503079435066611,-0.7799423236080023,-7.332694229589265e-09,1.5503079435066611,-7.332694229589265e-09,100.13491442021137,110.45331421966858,11.173106462726807,0.8547066632695959,110.45331421966858,0.8547066632695959
5,440832.0612052579,-103750.760505782,1146694.376029906,17.18726672511162,-76.65514691117052,-79.97940722133306,116.1355993206437,0.4204863211594684,1.490464722047396,3.117477165181403,1.494394909694267,14.704239662503824,-75.75938874841086,-80.86255640583113,111.77858773518035,114.51340899518675,114.64640559628604,1.6221903254569554,1.489193724357662,114.64640559628604,1.489193724357662,2.3022408920125663,1.494394917956056,-0.8078459823182993,-8.26178903068353e-09,1.494394917956056,-8.26178903068353e-09,101.10039722313589,112.29971424294118,10.678190512044466,-0.521126507760826,112.29971424294118,-0.521126507760826
6,440850.874441235,-103833.0784752434,1146611.260510956,18.19334786597438,-78.46836888653692,-79.166416822271,115.8680112276219,0.4569809044424317,2.058102812969554,1.990991120603361,1.981649530923748,18.813235977082513,-82.31796946139366,-83.11551895015873,118.48365049461688,114.40430961989013,114.76856416228868,1.4637016077317782,1.099447065333223,114.76856416228868,1.099447065333223,2.275187155569216,1.9816495310889315,-0.29353762464546795,-1.651834224958293e-10,1.9816495310889315,-1.651834224958293e-10,102.01986805442726,116.35190555955894,16.46378244018962,2.131744935057938,116.35190555955894,2.131744935057938
7,440866.9808161074,-103908.9744517793,1146533.197256451,19.00386143303992,-77.08893676233406,-77.37796976678248,116.4369212537375,2.415319606140751,0.196402849923478,1.157397868118223,0.8995333299949553,16.106374872440938,-75.89597653590317,-78.06325450493023,110.0612841546539,114.29533769200377,114.8235158568446,2.141583561733725,1.613405396892901,114.8235158568446,1.613405396892901,2.24907614955822,0.8995333481414316,-1.3495428195632648,-1.8146476321589944e-08,0.8995333481414316,-1.8146476321589944e-08,102.89421991277494,111.39496021264502,7.167064241878961,-1.3336760579911129,111.39496021264502,-1.3336760579911129
8,440883.9368716901,-103991.3614320059,1146449.960544908,18.92955493206034,-77.23593924090454,-78.27851859791805,113.9484101072211,2.29989080971536,2.322074767449652,0.5294072893393785,0.7685620410320801,16.956055582675617,-82.3869802265981,-83.23671154305339,118.33626865962155,114.18652272263462,114.81534232635269,-0.23811261541352735,-0.8669322191315985,114.81534232635269,-0.8669322191315985,2.22389497308588,0.768562061354878,-1.4553329320537998,-2.032279788899416e-08,0.768562061354878,-2.032279788899416e-08,103.72434579686833,116.13967923647233,14.611922862753218,2.19658942314922,116.13967923647233,2.19658942314922
9,440900.0429861703,-104067.7734600667,1146371.459230194,16.49449808163816,-78.58120231801506,-77.62431819591008,115.124945395794,2.855979130090447,1.163669042294212,1.106567931337637,2.087855922319776,16.106114480178803,-76.412028060804,-78.50131471385248,110.72787078155633,114.07789422288961,114.75080947942335,1.0470511729043892,0.3741359163706477,114.75080947942335,0.3741359163706477,2.199630725258496,2.0878559207201506,-0.11177480293872,1.5996253210914801e-09,2.0878559207201506,1.5996253210914801e-09,104.51113870539686,111.47343257780905,6.216732076159474,-0.7455617962527157,111.47343257780905,-0.7455617962527157
10,440915.523871485,-104147.0609494752,1146293.430777708,16.9772600224719,-77.35682679812481,-77.26487511059909,113.6136407235473,2.911494143828857,0.9611442307558032,2.127437533317219,1.146706767357215,15.480885314755142,-79.28748940849619,-78.02845248603262,112.31475051922631,113.96948170387566,114.63871842552054,-0.35584098032835243,-1.0250777019732311,114.63871842552054,-1.0250777019732311,2.1762705051823703,1.1467067813964633,-1.0295637378251552,-1.4039248208419508e-08,1.1467067813964633,-1.4039248208419508e-08,105.25549163704991,111.4389682512469,7.059258882176394,0.8757822679794032,111.4389682512469,0.8757822679794032
11,440929.6854127781,-104223.4592472867,1146214.438807827,18.22372769941585,-78.55347050806698,-75.7719702760661,112.5896359226505,2.977463004023515,0.9649936078890173,1.613991967425523,2.335000995392401,14.161541293084156,-76.39829781149456,-78.99196988111362,110.80153638821216,113.86131467669973,114.48913147914107,-1.2716787540492334,-1.8994955564905638,114.48913147914107,-1.8994955564905638,2.153801411963803,2.335000989686019,0.18119958342859777,5.70638203356566e-09,2.335000989686019,5.70638203356566e-09,105.95829759051693,110.99822582151778,4.843238797695221,-0.19668943330562172,110.99822582151778,-0.19668943330562172
12,440947.9642398416,-104303.8683012861,1146136.327418474,17.59582780333864,-76.08207841259,-75.79410195353297,113.5113879833775,1.517985987399866,0.1596416485781494,1.633130631396879,2.985265222925896,18.27882706350647,-80.40905399940675,-78.11138935294002,113.58310010975963,113.75342265246876,114.31254796752677,-0.24203466909125382,-0.8011599841492654,114.31254796752677,-0.8011599841492654,2.1322105447090967,2.985265206414213,0.8530546782167994,1.6511683131881227e-08,2.985265206414213,1.6511683131881227e-08,106.62044956448733,112.89984481441114,6.962650545272297,0.6832552953484878,112.89984481441114,0.6832552953484878
13,440962.8530612,-104383.3301444141,1146057.576933512,16.44149382005342,-78.29395691639279,-76.81823270934308,113.9420898312447,2.627137337036011,-0.1654568416985938,2.049051241266746,1.460615395429401,14.88882135838503,-79.46184312799596,-78.75048496201634,112.86053515951846,113.64583514228966,114.119107728254,0.29625468895504525,-0.17701789700929282,114.119107728254,-0.17701789700929282,2.1114850025245513,1.460615404252497,-0.6508696070951503,-8.823096031562727e-09,1.460615404252497,-8.823096031562727e-09,107.24284055765052,112.43460361652845,5.617694601867939,0.4259315429900141,112.43460361652845,0.4259315429900141
14,440978.2945424673,-104462.1849928919,1145982.129792327,17.53259577169019,-77.70205756160469,-74.3198405303821,114.6434661152741,0.7830662138362736,0.5769164307380832,2.577721135737617,2.340257474032231,15.441481267276686,-78.85484847780026,-75.44714118493721,110.22158402583563,113.53858165726939,113.91789496372519,1.1048844580047046,0.7255711515489054,113.91789496372519,0.7255711515489054,2.0916118845164684,2.3402574682385033,0.24864558951576265,5.79372771980502e-09,2.3402574682385033,5.79372771980502e-09,107.82636356869591,110.20136198844246,2.3952204571397147,0.02022203739316808,110.20136198844246,0.02022203739316808
15,440995.6353691398,-104542.7635979296,1145905.837931389,19.02230678707965,-80.00803054525794,-76.13465815566201,114.933201987494,1.821298742248485,1.291235657889163,1.821686351658144,3.389108002691715,17.340826672501862,-80.57860503770644,-76.2918609380722,112.31234974348364,113.43169170851489,113.71640224315254,1.5015102789791115,1.2167997443414578,113.71640224315254,1.2167997443414578,2.0725782897911493,3.389107979469463,1.3165297129005658,2.3222252121257725e-08,3.389107979469463,2.3222252121257725e-08,108.37191159631294,112.16233978956824,3.9404381471706955,0.15000995391540073,112.16233978956824,0.15000995391540073
16,441012.2544571645,-104626.3791342023,1145827.358585815,17.4004025760836,-78.3092339924643,-73.54186024908522,113.3213727954546,1.361619018662589,2.498977230074051,1.83766103195921,2.404689287253428,16.619088024715893,-83.61553627270041,-78.47934557404369,115.8738955704636,113.32519480713309,113.52019552525039,-0.003822011678494164,-0.1988227297957934,113.52019552525039,-0.1988227297957934,2.054371317454895,2.4046892803890505,0.350317969798533,6.864377510851227e-09,2.4046892803890505,6.864377510851227e-09,108.88037763919098,114.70186447119887,6.993517931272621,1.1720310992647285,114.70186447119887,1.1720310992647285
17,441029.9300834291,-104703.7822343915,1145751.704674524,17.66096290658457,-79.56614941747854,-74.74318122753586,112.7823836873176,2.691975053983823,0.349111580392423,3.211327367321859,1.773389418319599,17.67562626459403,-77.4031001891999,-75.65391129092313,109.66850950186107,113.21912046423091,113.33279841785227,-0.4367367769133068,-0.5504147305346692,113.33279841785227,-0.5504147305346692,2.0369780666140067,1.773389421945396,-0.26358864829440765,-3.625796995976316e-09,1.773389421945396,-3.625796995976316e-09,109.3526546960195,109.89299991702246,0.31585480584156755,-0.224490415161398,109.89299991702246,-0.224490415161398
18,441043.4868956507,-104782.4905772808,1145675.672953146,18.02580445487449,-78.02994740971876,-75.266257072952,111.4657903546536,2.545719074960476,1.1716279615837,1.398433525892553,1.917468103594338,13.556812221591827,-78.70834288929473,-76.0317213779781,110.27063550052111,113.11349819091532,113.15579017447617,-1.6477078362617164,-1.6899998198225603,113.15579017447617,-1.6899998198225603,2.020385636374786,1.9174681048260105,-0.1029175327804479,-1.2316725417349517e-09,1.9174681048260105,-1.2316725417349517e-09,109.78963576548787,110.41402673755759,0.4809997350332367,-0.14339123703648227,110.41402673755759,-0.14339123703648227
19,441062.276460911,-104865.3731300228,1145599.091788976,17.58423866236135,-80.13647727124099,-74.38063931755264,113.9706748525336,2.943244556638267,1.071601462058392,1.437158670982127,1.569005168498808,18.789565260289237,-82.88255274199764,-76.58116417005658,114.3994755990684,113.00835749829324,112.9890898656626,0.9623173542403691,0.9815849868709989,112.9890898656626,0.9815849868709989,2.0045811258435333,1.5690051755208143,-0.4355759573447253,-7.022006309753692e-09,1.5690051755208143,-7.022006309753692e-09,110.19221384628554,112.9790277927679,4.2072617527828555,1.4204478063005013,112.9790277927679,1.4204478063005013
20,441077.4315447207,-104942.6718558156,1145526.716672715,17.30683907955493,-80.90884612120124,-72.18950337424643,112.8405303746694,3.011618306171341,0.509820195176146,1.52740248214536,1.455354048395394,15.15508380974643,-77.29872579280345,-72.37511626095511,106.97161786314268,112.90372789747161,112.83138116341004,-0.0631975228022128,0.009149211259355639,112.83138116341004,0.009149211259355639,1.9895516341265505,1.4553540573059167,-0.5341975857311565,-8.910522764082884e-09,1.4553540573059167,-8.910522764082884e-09,110.56128193710191,108.24108775160472,-3.589664073959227,-1.2694698884620408,108.24108775160472,-1.2694698884620408
21,441094.4198727333,-105026.3347826033,1145449.578959861,17.21386002542343,-79.5064673369478,-74.4314624884548,113.9638089908543,1.489299283323593,0.6351795147004254,2.796308213552277,3.440083769688183,16.988328012579586,-83.66292678769969,-77.13771285396069,115.05787826866568,112.79963889955737,112.68062006232815,1.1641700912969384,1.2831889285261582,112.68062006232815,1.2831889285261582,1.9752842603301384,3.4400837456188773,1.4647995093580446,2.4069305659679685e-08,3.4400837456188773,2.4069305659679685e-08,110.8977330366264,113.61086163035125,4.16014523203927,1.4470166383144232,113.61086163035125,1.4470166383144232
22,441111.3070610253,-105108.2311118731,1145375.398720172,17.50309455572732,-80.40562881070056,-74.05793484603672,113.2163973338409,0.116635014209663,2.445698034100368,2.270704234870955,3.045210107620365,16.88718829199206,-81.89632926980266,-74.18023968907073,111.78056108557121,112.69612001565744,112.53456267539008,0.5202773181834601,0.6818346584508248,112.53456267539008,0.6818346584508248,1.9617661035605982,3.0452100901125903,1.0834440040597668,1.7507774785485708e-08,3.0452100901125903,1.7507774785485708e-08,111.20246014354844,111.75029019193867,0.5781009420227718,0.030270893632533102,111.75029019193867,0.030270893632533102
23,441126.0448801385,-105188.8184036497,1145302.643538078,18.42668573638745,-80.64357709630207,-73.10141328272678,112.7938580374368,0.277742186754234,0.2542881284236123,2.2281818072578,0.9856506752683131,14.73781911318656,-80.58729177659552,-72.75518209394068,109.56656164004423,112.59320075687879,112.39125217149483,0.20065728055801912,0.4026058659419789,112.39125217149483,0.4026058659419789,1.9489842629242313,0.9856506919837957,-0.9633335876559183,-1.6715482664686476e-08,0.9856506919837957,-1.6715482664686476e-08,111.47635625655741,109.62839937563024,-1.9097946165131816,-0.06183773558601047,109.62839937563024,-0.06183773558601047
24,441142.2598815441,-105272.3687073863,1145228.97880178,16.47660645659849,-80.90808587168291,-72.1197421843083,112.2641894886649,1.553615797643513,1.86376034639872,1.688474521074422,2.236873941674562,16.215001405624207,-83.55030373659974,-73.66473629814573,112.56141834100092,112.49091063432833,112.24941232869001,-0.22672114566343282,0.014777159974883602,112.24941232869001,0.014777159974883602,1.9369258375273388,2.236873937598736,0.29994810414722317,4.075825899008123e-09,2.236873937598736,4.075825899008123e-09,111.72031437434275,112.05605770561226,0.8411039666581672,0.505360635388655,112.05605770561226,0.505360635388655
25,441158.4323446747,-105356.5846257289,1145156.48684365,18.94566959335346,-80.21896165214014,-70.54109098587938,110.9023751193921,1.346915389836873,0.8844608695128972,2.298012929261813,2.277607192688925,16.172463130613323,-84.21591834259743,-72.4919581299182,112.28959639925641,112.389279159113,112.1087087343055,-1.4869040397208977,-1.2063336149133903,112.1087087343055,-1.2063336149133903,1.9255779264762216,2.277607187936243,0.35202926621270336,4.752681803665837e-09,2.277607187936243,4.752681803665837e-09,111.93522749559386,111.84339918110037,0.3543689036625466,0.4461972181560441,111.84339918110037,0.4461972181560441
26,441175.4673247244,-105436.9042486508,1145083.492966067,16.4903053497643,-79.24296118689004,-71.9613537052197,111.3256936684319,2.00884088817811,1.610212724643763,2.329064136049896,1.616253020705912,17.034980049706064,-80.31962292190292,-72.99387758295052,109.86145154787152,112.28833584233976,111.96985556537417,-0.9626421739078665,-0.6441618969422791,111.96985556537417,-0.6441618969422791,1.9149276288771813,1.616253026942811,-0.29867460817126923,-6.236898997258322e-09,1.616253026942811,-6.236898997258322e-09,112.12198861900019,109.97617025819993,-2.2605370711286668,-0.11471871032840397,109.97617025819993,-0.11471871032840397
27,441193.1523292126,-105517.7085771074,1145010.048899935,18.72864355017517,-80.71735931062189,-72.01214943551133,112.1454213086029,1.850834699810076,0.6721035151274454,1.778607490907857,1.063986892691026,17.685004488157574,-80.80432845660835,-73.44406613195315,110.61704087103536,112.18811019511553,111.83456409301029,-0.04268888651262159,0.3108572155926197,111.83456409301029,0.3108572155926197,1.904962043836519,1.0639869081048128,-0.8409751511454928,-1.541378669145388e-08,1.0639869081048128,-1.541378669145388e-08,112.28149074325113,110.12160436758228,-1.6644498722157692,0.4954365034530781,110.12160436758228,0.4954365034530781
28,441209.9233504483,-105599.0367859993,1144939.019639533,18.5937656828634,-80.01224261195173,-70.0279209021903,112.3510890334888,0.8246176964446164,2.444561928590769,2.03849635879036,3.307987496055242,16.771021235734224,-81.32820889189315,-71.02926040207967,109.27351256420424,112.08863172854724,111.70534655774787,0.26245730494156305,0.6457424757409314,111.70534655774787,0.6457424757409314,1.8956682704605354,3.307987474180952,1.4123192255947066,2.1874289934942226e-08,3.307987474180952,2.1874289934942226e-08,112.41462686703609,109.62376990880776,-3.141114302831852,-0.35025734460352,109.62376990880776,-0.35025734460352
29,441224.7503866196,-105684.587444713,1144866.85913672,19.30344114464486,-81.34632987198736,-69.69715111838705,112.0279891358679,2.289486380765354,1.469839434896778,3.062648391063381,2.519043815589401,14.82703617127845,-85.55065871370607,-72.16050281305797,112.89771642600553,111.98992995374185,111.58520408762546,0.038059182126048086,0.4427850482424418,111.58520408762546,0.4427850482424418,1.8870334078555322,2.5190438068248184,0.6320104077338686,8.764582393183673e-09,2.5190438068248184,8.764582393183673e-09,112.52228998904451,112.01962724938043,0.3754264369610212,0.878089176625096,112.01962724938043,0.878089176625096
30,441243.0046393432,-105767.4997293553,1144796.191832519,18.01421295763716,-83.15969001353896,-70.44479080364616,111.2690718022351,0.8653432428531088,2.059663077321025,0.6251268220212602,3.372449123973643,18.2542527235928,-82.91228464229789,-70.66730420105159,110.46054757308686,111.89203438180627,111.47723851663486,-0.6229625795711655,-0.2081667143997521,111.47723851663486,-0.2081667143997521,1.8790445551278105,3.3724491010282076,1.4934045688458324,2.2945435329546626e-08,3.3724491010282076,2.2945435329546626e-08,112.60537310796578,110.67904851470382,-2.144825534878919,-0.21850094161696632,110.67904851470382,-0.21850094161696632
31,441258.4416425147,-105851.4952156634,1144725.912248667,17.8267277960738,-80.7763325815784,-69.99669498532553,110.3058881676874,2.372971876820911,2.738030685894158,3.204573588662915,0.6610318268056812,15.437003171537071,-83.99548630809295,-70.27958385180682,110.60182047974718,111.79497452384746,111.38423445832605,-1.4890863561600582,-1.078346290638649,111.38423445832605,-1.078346290638649,1.8716888113836714,0.6610318489152855,-1.2106569845779902,-2.2109604369546787e-08,0.6610318489152855,-2.2109604369546787e-08,112.66476922248933,109.92010280494978,-2.062948742742151,0.6817176747973974,109.92010280494978,0.6817176747973974
32,441274.8466523669,-105930.8654465108,1144655.967620626,17.15460307596067,-82.87309399770344,-67.4044930782904,111.5077350574973,1.465370667098163,2.657310180312192,0.4462718250489626,0.5614541402977895,16.40500985219842,-79.37023084740213,-69.94462804100476,107.0561015767674,111.69877989097235,111.30825948809215,-0.19104483347504697,0.199475569405152,111.30825948809215,0.199475569405152,1.864953275729416,0.5614541640620552,-1.3034991354316265,-2.3764265666414985e-08,0.5614541640620552,-2.3764265666414985e-08,112.70137133130457,107.8417362077411,-5.645269754537168,-0.7856346309737035,107.8417362077411,-0.7856346309737035
33,441291.4184278282,-106016.3330631019,1144584.70140737,19.11305171229264,-80.39987774293073,-69.31781583995839,112.0471134364565,0.6189146497839179,0.7766798355801585,1.882844977388595,2.732344313430702,16.57177546125604,-85.4676165911078,-71.26621325616725,112.50871246075302,111.60347999428788,111.2503269849623,0.44363344216861833,0.7967864514941994,111.2503269849623,0.7967864514941994,1.8588250472713457,2.7323443011217514,0.8735192661593565,1.2308950747552672e-08,2.7323443011217514,1.2308950747552672e-08,112.71607243310093,111.52987327191687,-0.20735997234791625,0.9788391888361474,111.52987327191687,0.9788391888361474
34,441309.3984979881,-106100.7720670996,1144516.311968698,17.43754616917733,-83.32024306921697,-67.14458182024944,110.4586217667969,0.9501305938040686,0.4167319723439954,2.538536769957391,2.845462098343567,17.98007015994517,-84.43900399770064,-68.38943867199123,110.13783927856177,111.50910434490098,111.21015870307265,-1.0504825781040807,-0.7515369362757554,111.21015870307265,-0.7515369362757554,1.8532912251157614,2.8454620841549625,0.9921708732278056,1.4188604513520886e-08,2.8454620841549625,1.4188604513520886e-08,112.70976552656781,110.31825812064099,-2.5719262480060365,-0.1804188420792201,110.31825812064099,-0.1804188420792201
35,441324.623901407,-106184.0641217508,1144445.237388729,18.20923934922491,-83.48580160023843,-66.06656252249621,110.2393804435202,2.011367090011452,1.891443969406098,1.188260369864683,1.079795194949701,15.225403418880887,-83.29205465118866,-71.0745799690485,110.54851964210529,111.41568245391859,111.18607342532542,-1.1763020103983877,-0.9466929818052137,111.18607342532542,-0.9466929818052137,1.8483389083689645,1.0797952101008046,-0.7685437134192634,-1.515110348293547e-08,1.0797952101008046,-1.515110348293547e-08,112.68334361039463,110.24355435624959,-2.1348239682893393,0.30496528585570104,110.24355435624959,0.30496528585570104
36,441341.5361097916,-106269.1628806788,1144377.694245486,19.24028050005946,-83.18863010358051,-66.28086406080979,111.1849722810412,0.8306617867313129,0.08554236543418262,1.837338579744097,1.69632805843999,16.9122083846014,-85.0987589280121,-67.54314324283041,109.95407115088376,111.32324383244766,111.17501523632407,-0.1382715514064614,0.009957044717125996,111.17501523632407,0.009957044717125996,1.843955196137256,1.6963280633462992,-0.147627137697266,-4.906309136742948e-09,1.6963280633462992,-4.906309136742948e-09,112.63769968327082,109.71122282873355,-2.6836285323870612,0.24284832215020913,109.71122282873355,0.24284832215020913
37,441357.6094486222,-106352.0856378533,1144310.347143095,17.13203197920304,-81.63475080767526,-66.35306044497086,112.4753659943755,2.643767875864683,0.9331764698423861,1.552675453396266,1.676025193232948,16.073338830610737,-82.92275717449957,-67.34710239106789,108.0285521473727,111.23181799159511,111.17272126159243,1.2435480027803862,1.3026447327830653,111.17272126159243,1.3026447327830653,1.8401271875269374,1.6760251984766255,-0.16410199429398942,-5.2436774922171026e-09,1.6760251984766255,-5.2436774922171026e-09,112.57372674388577,108.29391853109637,-4.545174596513078,-0.2653663837236735,108.29391853109637,-0.2653663837236735
38,441374.2779372506,-106437.114316723,1144242.713441978,19.40562635428235,-81.56768865801318,-66.25889540011788,112.0289963849957,1.160887333659311,1.531762360131162,1.775106761208884,1.930862010645559,16.668488628405612,-85.02867886969761,-67.63370111701079,109.91829815943565,111.14143444246788,111.1740153626078,0.8875619425278103,0.8549810223878893,111.1740153626078,0.8549810223878893,1.8368419816443096,1.9308620116546678,0.0940200290012494,-1.0091087965236056e-09,1.9308620116546678,-1.0091087965236056e-09,112.49231779092892,109.53566485034848,-2.5740196314932717,0.3826333090871685,109.53566485034848,0.3826333090871685
39,441391.0788741969,-106520.1864802933,1144173.647351033,16.84562974339852,-82.64963934936517,-65.25342406072645,111.0346850699322,0.7328583884079306,2.344844667683688,1.467693417595271,2.862987268794771,16.800936946296133,-83.07216357029392,-69.0660909449216,109.33151769245347,111.05212269617292,111.17320236298418,-0.01743762624072076,-0.13851729305199,111.17320236298418,-0.13851729305199,1.8340866775956737,2.8629872543149544,1.0289005911990972,1.4479816456969274e-08,2.8629872543149544,1.4479816456969274e-08,112.39436582308966,109.44451997721823,-3.0628481306361834,-0.11300228476476093,109.44451997721823,-0.11300228476476093
40,441408.5423469625,-106604.8863228693,1144105.204085939,19.49588705198344,-83.51162470369033,-66.92105568478559,110.9357146728008,1.491922090943653,2.195191008684234,1.513590651686345,0.493208218820426,17.463472765579354,-84.69984257599572,-68.44326509395614,110.28833460595071,110.96391226381715,111.1645278620783,-0.028197591016350998,-0.22881318927750272,111.1645278620783,-0.22881318927750272,1.831848374487331,0.4932082437187193,-1.338640155666905,-2.4898293315978037e-08,0.4932082437187193,-2.4898293315978037e-08,112.28076383905744,109.88298615336849,-1.9924292331067335,0.4053484525822171,109.88298615336849,0.4053484525822171
41,441423.9103832084,-106689.5820140309,1144038.845604572,18.77580388414019,-83.87982162769703,-66.06837439349755,109.9393850636661,1.530961303904554,2.305593871161592,2.537356263780796,0.8650146814016468,15.368036245927215,-84.69569116159983,-66.35848136711866,108.68755535362577,110.87683265650753,111.14266231414697,-0.937447592841437,-1.2032772504808804,111.14266231414697,-1.2032772504808804,1.8301141714255829,0.8650147001217119,-0.965099490023936,-1.8720065053656754e-08,0.8650147001217119,-1.8720065053656754e-08,112.15240483752166,108.87000290106089,-3.4648494838958896,-0.18244754743511749,108.87000290106089,-0.18244754743511749
42,441442.8059785389,-106775.5487258046,1143973.022919712,18.35233064415663,-84.57372607924994,-65.84179246079596,110.4527496091651,1.046791847373927,2.778492124389347,1.90859104268011,2.201331336884138,18.895595330453943,-85.96671177371172,-65.8226848600898,109.9088026423152,110.79091338535098,111.10316531730838,-0.3381637761858798,-0.6504157081432851,111.10316531730838,-0.6504157081432851,1.8288711675167302,2.201331333398916,0.3724601693674079,3.485221888865908e-09,2.201331333398916,3.485221888865908e-09,112.01018181717171,109.63205445514012,-2.1013791748565183,0.2767481871750732,109.63205445514012,0.2767481871750732
43,441458.7972618566,-106861.9282671794,1143907.507934287,19.50174876941276,-84.29602115953556,-63.07942716101781,111.6966282903996,2.129253809573929,0.4458001175191697,1.162642039656665,1.124952602352874,15.991283317736816,-86.37954137480119,-65.51498542493209,109.58722382421311,110.70618396145444,111.04288719951406,0.9904443289451592,0.6537410908855463,111.04288719951406,0.6537410908855463,1.8281064618670744,1.1249526167536064,-0.7031538595142004,-1.440073238434536e-08,1.1249526167536064,-1.440073238434536e-08,111.85498777669704,109.49402470257935,-2.267763952483932,0.09319912163375932,109.49402470257935,0.09319912163375932
44,441474.6110817941,-106945.7069761351,1143840.562370886,18.09807577166666,-83.12362946033966,-65.17242180270914,110.4606868150349,2.800804147648377,0.6226083328602596,2.834270568558398,3.289208291201986,15.813819937466178,-83.77870895569504,-66.94556340086274,108.40044941953235,110.62267389592485,110.96026994986352,-0.1619870808899435,-0.4995831348286117,110.96026994986352,-0.4995831348286117,1.8278071535829166,3.289208269639746,1.4614011376190694,2.1562239993500043e-08,3.289208269639746,2.1562239993500043e-08,111.68771571478706,108.32851738265892,-3.2872662952547103,0.07193203687343441,108.32851738265892,0.07193203687343441
45,441492.8055812507,-107031.1274867861,1143776.534594271,17.08871714874812,-85.74919010945487,-63.50425669955786,111.717273672851,2.322972042440839,1.535856503907519,2.264064112344858,1.622646749862482,18.19449945661472,-85.42051065100532,-64.02777661499567,108.29247263136553,110.54041269986915,110.85551796351442,1.1768609729818422,0.8617557093365775,110.85551796351442,0.8617557093365775,1.8279603417705579,1.6226467559931375,-0.20531359190807597,-6.130655538783003e-09,1.6226467559931375,-6.130655538783003e-09,111.50925863013117,108.57362128083909,-3.216785998765644,-0.28114864947356466,108.57362128083909,-0.28114864947356466
46,441510.0669602857,-107118.3981653641,1143710.532895691,17.57624617473978,-83.17894395387833,-64.15567849824588,110.7033920284282,1.979245259611211,2.516862656848966,0.4915300654022707,0.752662681578314,17.261379035015125,-87.27067857798829,-66.00169858010486,110.77161532230186,110.45942988439427,110.73062029387422,0.24396214403392946,-0.027228265446026967,110.73062029387422,-0.027228265446026967,1.8285531255362995,0.7526627021653083,-1.0758904439579855,-2.0586994331495134e-08,0.7526627021653083,-2.0586994331495134e-08,111.32050952141881,109.99266181787844,-0.5488941991169582,0.7789535044234128,109.99266181787844,0.7789535044234128
47,441526.5568327619,-107203.6740276468,1143648.826051153,19.7454395431299,-83.41075436316916,-63.96225852380129,111.7305901436922,2.867630110384153,2.185929204357826,0.7902695870521408,3.116053359436522,16.489872476202436,-85.27586228270957,-61.70684453798458,106.5439967580345,110.37975496060716,110.5892192187273,1.3508351830850387,1.141370924964903,110.5892192187273,1.141370924964903,1.8295726039864424,3.1160533407515603,1.2864807554500794,1.8684961577974946e-08,3.1160533407515603,1.8684961577974946e-08,111.12236138733938,107.36852059322689,-4.578364629304886,-0.8245238351923945,107.36852059322689,-0.8245238351923945
48,441543.6088923142,-107290.8125632586,1143583.145508954,18.61573828090263,-84.7138444945819,-63.12435438832394,110.9183682860228,1.095444909855611,1.085611008769801,3.318344311532297,1.140710914854861,17.052059552283026,-87.13853561179712,-65.68054219894111,110.44378998879895,110.30141743961474,110.43633380111746,0.6169508464080593,0.4820344849053413,110.43633380111746,0.4820344849053413,1.8310058762272883,1.1407109289937412,-0.6902949613724272,-1.413888006673858e-08,1.1407109289937412,-1.413888006673858e-08,110.9157072265823,109.61516297154347,-0.4719172377833445,0.828627017255485,109.61516297154347,0.828627017255485
49,441559.3123433807,-107376.6073901506,1143519.976356875,17.77401476708006,-86.30303783289766,-61.56337116674683,109.9052793621887,0.04233135798937526,0.1756103589485292,2.227505322671103,0.6840542942989298,15.703451066510752,-85.79482689200086,-63.16915207915008,107.69258317649123,110.22444683252397,110.2779605111688,-0.31916747033527315,-0.3726811489801065,110.2779605111688,-0.3726811489801065,1.8328400413651378,0.6840543160259749,-1.148785747066208,-2.172704505198908e-08,0.6840543160259749,-2.172704505198908e-08,110.70144003783699,108.27547488224218,-3.0088568613457625,-0.5828917057509528,108.27547488224218,-0.5828917057509528
50,441576.1112691098,-107465.7294838644,1143457.759524605,17.57896449735625,-86.48070047001445,-60.72435294231653,111.0934109596826,0.7841446762942694,0.3920214091490108,1.883748499073122,3.302433029969816,16.79892572911922,-89.12209371379868,-62.21683226991445,109.98129709767132,110.14887265044176,110.12058460721968,0.9445383092408406,0.972826352462917,110.12058460721968,0.972826352462917,1.8350621985062923,3.3024330081878235,1.4673708314635239,2.1781992654013038e-08,3.3024330081878235,2.1781992654013038e-08,110.48045281979286,109.35286786005248,-0.499155722121543,0.6284292376188318,109.35286786005248,0.6284292376188318
51,441593.5031650142,-107549.9249764285,1143393.502306263,17.74136003507445,-85.48656195106001,-60.24017081677304,109.2359464416723,1.512858886161138,1.588960310077447,1.833749200303952,2.267685293509089,17.391895904380362,-84.19549256410392,-64.2572183420416,107.33288927592366,110.07472440447506,109.97064469971461,-0.8387779628027658,-0.7346982580423145,109.97064469971461,-0.7346982580423145,1.8376594467570533,2.2676852889212777,0.4300258467520359,4.587811464062952e-09,2.2676852889212777,4.587811464062952e-09,110.25363857113932,107.78895399468114,-2.920749295215657,-0.45606471875747445,107.78895399468114,-0.45606471875747445
52,441610.1303050798,-107636.9535020661,1143330.510567731,18.06215503946354,-85.73806286320736,-61.95762555718085,108.5353622083203,2.747456321337662,1.969380003943294,1.628323836024486,1.70402198636703,16.627140065596905,-87.0285256375937,-62.99173853197135,108.71239664681542,110.00203160573082,109.83399782210775,-1.4666693974105272,-1.2986356137874537,109.83399782210775,-1.2986356137874537,1.8406188852237213,1.704021991145491,-0.13659689885669124,-4.778460960253028e-09,1.704021991145491,-4.778460960253028e-09,110.02189029056579,108.39471720795466,-1.309493643750372,0.31767943886076466,108.39471720795466,0.31767943886076466
53,441627.213199102,-107724.8456266203,1143270.051953441,18.80722236422063,-85.26717408346175,-61.4201762557157,108.7352812912355,0.6173283424591208,2.339658776949451,2.332933057344954,0.4931670388069764,17.082894022227265,-87.89212455420056,-60.45861428999342,108.03746974402885,109.93082376531596,109.71543284069654,-1.1955424740804688,-0.9801515494610413,109.71543284069654,-0.9801515494610413,1.843927613012598,0.4931670637059542,-1.3507605742056217,-2.489897782398387e-08,0.4931670637059542,-2.489897782398387e-08,109.78610097676169,108.28390310505064,-1.7486312327328335,-0.24643336102178637,108.28390310505064,-0.24643336102178637
54,441644.1196646281,-107812.8976456478,1143207.907853098,19.23920777891855,-84.78141286399455,-60.44782410084036,110.7607422088576,2.407321582123827,-0.02926530535279412,3.376502191130444,2.675673656609739,16.90646552608814,-88.05201902749832,-62.14410034311004,109.09113547332002,109.86113039433744,109.61827600901724,0.8996118145201564,1.1424661998403565,109.61827600901724,1.1424661998403565,1.8475727292299848,2.6756736452424725,0.8281009273797544,1.1367266683492971e-08,2.6756736452424725,1.1367266683492971e-08,109.54716362841644,108.73770414406165,-0.45602815509641914,0.3534313292583704,108.73770414406165,0.3534313292583704
55,441659.7575425738,-107900.6615055535,1143148.179698749,19.9931519395435,-85.88866724924819,-58.21518137752729,109.1485846751784,2.67420912845981,0.333211978648287,3.050408656011343,1.900823448610099,15.63787794567179,-87.76385990569543,-59.72815434890799,107.30559516687487,109.79298100390217,109.54412423398001,-0.6443963287237722,-0.39553955880161595,109.54412423398001,-0.39553955880161595,1.851541332982182,1.900823450118352,0.04928211562791707,-1.50825307798641e-09,1.900823450118352,-1.50825307798641e-09,109.30597124421944,107.67976530108649,-2.000376077344569,-0.3741701342116244,107.67976530108649,-0.3741701342116244
56,441677.2636116727,-107989.335501126,1143087.332666381,18.4911839941015,-87.36832537205814,-59.70766604008496,108.6467022184507,1.199730036549997,0.6197153047912035,2.555692156950918,1.200869546781587,17.506069098890293,-88.6739955725061,-60.847032367950305,108.95825482300249,109.7264051051171,109.49272993579346,-1.0797028866663965,-0.8460277173427642,109.49272993579346,-0.8460277173427642,1.855820523375492,1.2008695599208241,-0.654950976593905,-1.3139237031722928e-08,1.2008695599208241,-1.3139237031722928e-08,109.06341682286013,108.61943007507989,-0.10516199985764274,0.338824747922601,108.61943007507989,0.338824747922601
57,441695.2342306235,-108076.1607228692,1143026.266824219,18.32801600356972,-87.53594371147099,-60.00811147271763,109.7639837371665,0.7127497509129697,2.669356945860862,0.4057261090339089,0.9913723728669819,17.970618950843345,-86.82522174320184,-61.065842162119225,107.65964589948007,109.66143220908917,109.46204738823238,0.1025515280773277,0.30193634893412025,109.46204738823238,0.30193634893412025,1.8603973995162149,0.9913723894873883,-0.869025026649233,-1.662040638450435e-08,0.9913723894873883,-1.662040638450435e-08,108.82039336302792,107.90363380208396,-1.1607474635478496,-0.24398790260389092,107.90363380208396,-0.24398790260389092
58,441711.2549685554,-108164.802566726,1142965.032014075,19.16447774926107,-86.65437362436555,-59.48663221970855,109.4643275800309,0.1438120376546704,1.708221453946869,2.249275518606211,2.058989063696284,16.020737931889016,-88.64184385679255,-61.23481014394201,108.92080838654698,109.59809182692531,109.4484355073926,-0.13376424689441535,0.015892072638294508,109.4484355073926,0.015892072638294508,1.865259060510652,2.0589890625763334,0.19373000318563216,1.1199507987669222e-09,2.0589890625763334,1.1199507987669222e-09,108.5777938634122,108.80182403723018,0.34301452313478364,0.11898434931680413,108.80182403723018,0.11898434931680413
59,441727.5610032268,-108253.6168441534,1142904.079356587,18.77605730712992,-85.81678557520176,-56.4521245314811,109.3177115093927,2.128755452582974,0.5556017255081542,1.582126077662606,0.519080941582553,16.306034671375528,-88.81427742740198,-60.952657487941906,108.94534912743171,109.53641346973247,109.44699770235029,-0.21870196033977152,-0.12928619295759347,109.44699770235029,-0.12928619295759347,1.8703926054651052,0.519080966050925,-1.3513116638825522,-2.4468371995212124e-08,0.519080966050925,-2.4468371995212124e-08,108.3365113227024,108.70881780283197,0.6088378047293048,0.23653132459973847,108.70881780283197,0.23653132459973847
60,441745.2987082839,-108340.951110465,1142845.923205846,17.15344805966831,-87.8580402233832,-56.80734764388617,110.2602098503222,2.356194093775519,1.859051474922194,2.745762005079636,3.15921493898898,17.737705057137646,-87.33426631160546,-58.15615074103698,106.41446387542742,109.47642664861756,109.45202703076647,0.7837832017046367,0.808182819555725,109.45202703076647,0.808182819555725,1.875785133485875,3.1592149195868116,1.2834298055031048,1.9402168316418056e-08,3.1592149195868116,1.9402168316418056e-08,108.09743873958797,106.84211910430004,-1.6829748641605562,-0.42765522887262364,106.84211910430004,-0.42765522887262364
61,441762.7070533632,-108431.3487649526,1142788.248280554,19.85952089111506,-87.44627623409264,-56.5407086787945,110.9466654772391,2.373085589697281,0.662558191263918,3.313959142375595,1.150282170778987,17.4083450792823,-90.3976544876059,-57.67492529191077,108.6332519198769,109.41816087468756,109.45751571439267,1.5285046025515356,1.4891497628464236,109.45751571439267,1.4891497628464236,1.881423743679263,1.1502821847588236,-0.7311415729002759,-1.3979836621658137e-08,1.1502821847588236,-1.3979836621658137e-08,107.86146911275827,108.44809187545194,0.7717828071186261,0.18516004442496126,108.44809187545194,0.18516004442496126
62,441779.8127022196,-108520.0991975426,1142728.067933484,19.83353036547395,-86.78492158549858,-56.67364643018018,107.9415646349825,2.376461069906574,0.2678033644906723,2.168460299261799,2.942346014929688,17.10564885637723,-88.75043258999358,-60.18034707009792,108.58598749924467,109.36164565904937,109.45768291033107,-1.4200810240668744,-1.5161182753485747,109.45768291033107,-1.5161182753485747,1.88729553515157,2.942345999131184,1.055050479778118,1.5798503838482247e-08,2.942345999131184,1.5798503838482247e-08,107.62949544090276,108.44424298845162,0.9564920583419081,0.14174451079304617,108.44424298845162,0.14174451079304617
63,441798.1106007744,-108608.4747583287,1142670.450484125,18.74849241575535,-88.58515045251539,-57.60859593914778,108.6484429098866,1.439577393512777,1.74719949021984,1.184929109834087,0.8592979875678675,18.297898554825224,-88.37556078609487,-57.61744935903698,107.07391515406829,109.30691051280995,109.44747391469535,-0.658467602923352,-0.7990310048087537,109.44747391469535,-0.7990310048087537,1.8933876070090978,0.8592980063829256,-1.0340896194412303,-1.8815058178134336e-08,0.8592980063829256,-1.8815058178134336e-08,107.40241072271081,107.4720160170883,-0.3284955686425235,-0.39810086302000514,107.4720160170883,-0.39810086302000514
64,441814.7179430451,-108698.8423443966,1142611.898502284,19.27967348082015,-87.49575921372241,-57.44372593308835,110.1248635591684,0.4218228886791334,0.09278924421566986,0.438060545490474,3.315450640541578,16.607342270668596,-90.36758606790681,-58.55198184098117,108.95154430544925,109.25398494707623,109.42298763985876,0.8708786120921701,0.7018759193096429,109.42298763985876,0.7018759193096429,1.8996870583581464,3.3154506185432746,1.4157635821834313,2.1998303179060485e-08,3.3154506185432746,2.1998303179060485e-08,107.1811079568719,108.42048722385044,1.7704363485773484,0.5310570815988029,108.42048722385044,0.5310570815988029
65,441831.9246559036,-108786.5415259958,1142555.071954839,18.75389412169301,-89.11382156059747,-56.19387196358773,110.6889163063077,1.364805958273755,2.117104640492392,1.27416057168403,2.981441502346827,17.206712858518586,-87.69918159919325,-56.82654744503088,105.90785577607608,109.20289847295514,109.38179675523897,1.4860178333525624,1.3071195510687375,109.38179675523897,1.3071195510687375,1.9061809883050178,2.9814414858986815,1.0752605140418092,1.644814551227114e-08,2.9814414858986815,1.644814551227114e-08,106.9664801420754,106.66170770359135,-1.0586243659993215,-0.7538519275152709,106.66170770359135,-0.7538519275152709
66,441849.3081639845,-108878.5167329215,1142498.72015228,18.45262709206259,-88.92641357994916,-53.7003153656739,108.4622742754074,1.298452725945639,-0.1230513897742659,0.8101750463369606,1.503830290205449,17.38350808090763,-91.97520692570833,-56.351802558870986,109.25726838000219,109.15368060155363,109.32313544464333,-0.691406326146236,-0.8608611692359318,109.32313544464333,-0.8608611692359318,1.9128564959560141,1.5038302983104523,-0.40902620575056514,-8.105003335145966e-09,1.5038302983104523,-8.105003335145966e-09,106.75942027701072,108.59479888615748,2.497848102991469,0.6624694938447107,108.59479888615748,0.6624694938447107
67,441866.8424144668,-108967.930714371,1142443.568870072,17.36329065087276,-89.26478999396481,-54.9379424522019,108.690700633894,2.962115338815848,2.386463252221036,3.141298946735489,1.291059832415512,17.534250482276548,-89.41398144949926,-55.15128220804036,106.50809334420329,109.10636084397863,109.24794218092318,-0.4156602100846385,-0.5572415470291787,109.24794218092318,-0.5572415470291787,1.9197006804174346,1.2910598440560763,-0.6286408480019225,-1.1640564290260613e-08,1.2910598440560763,-1.1640564290260613e-08,106.56082136036731,107.14595496137188,-0.05272801616402489,-0.6378616171685962,107.14595496137188,-0.6378616171685962
68,441884.0320003389,-109058.9166550912,1142385.16476351,19.43166888359678,-89.72432075527763,-53.96490945235038,109.1695493125326,2.291656678408712,2.313130705294107,2.92399720062574,0.5442140267728348,17.18958587211091,-90.98594072020205,-58.404106562025845,109.4758554865102,109.06096871133708,109.15875799425126,0.10858060119551283,0.010791318281334839,109.15875799425126,0.010791318281334839,1.9267006407955818,0.5442140508235758,-1.382486614022747,-2.4050740954351113e-08,0.5442140508235758,-2.4050740954351113e-08,106.37157639083455,109.04287031042085,3.1042790956756505,0.43298517608934617,109.04287031042085,0.43298517608934617
69,441901.7117085477,-109149.2139836948,1142329.679610096,18.89377175007994,-87.56694869937873,-54.30555229390493,109.8419308017906,1.427399981372355,1.520393625201204,3.311983228044388,2.745603272646856,17.67970820883056,-90.29732860359945,-55.485153414076194,107.44664668885382,109.01753371473592,109.05949316723496,0.8243970870546775,0.7824376345556345,109.05949316723496,0.7824376345556345,1.9338434761967562,2.7456032601175844,0.8117597964501,1.2529271842254275e-08,2.7456032601175844,1.2529271842254275e-08,106.19257836710192,107.41791739334748,1.2540683217519017,0.02872929550633785,107.41791739334748,0.02872929550633785
70,441918.5293535574,-109238.2717796764,1142276.861342852,18.47399902188467,-89.85511526062318,-54.15950177878982,108.6850999884623,0.8395578097750818,1.662163125086826,1.412707774264572,2.717932910051409,16.817645009665284,-89.05779598160007,-52.818267243914306,104.89944501007129,108.97608536528209,108.95508601819164,-0.29098537681979053,-0.2699860297293384,108.95508601819164,-0.2699860297293384,1.9411162857272588,2.7179328979819295,0.7768166243241503,1.2069479637943914e-08,2.7179328979819295,1.2069479637943914e-08,106.02472028785873,105.6983475976969,-1.1252752777874377,-0.7989025876256051,105.6983475976969,-0.7989025876256051
71,441935.7372809323,-109330.6260699597,1142219.695694921,17.70246597505614,-89.62627587470676,-53.65379207543337,109.0124027476774,1.464218776540611,0.7466306233420161,1.684660418489582,0.8455166586049059,17.20792737492593,-92.35429028329963,-57.1656479309313,109.96971856668493,108.93665317408251,108.85108556098182,0.07574957359489076,0.16131718669558381,108.85108556098182,0.16131718669558381,1.9485061684933922,0.8455166776489658,-1.1029895098884863,-1.904405988462088e-08,0.8455166776489658,-1.904405988462088e-08,105.86889515179446,109.14326705410942,4.1008234148904705,0.8264515125755167,109.14326705410942,0.8264515125755167
72,441953.6590630062,-109421.0305464612,1142165.700224642,19.01044885985359,-88.32511723438041,-52.26723622634036,108.9824933911618,0.4162932607019029,2.217196660075136,1.199385267591941,1.977045245871277,17.921782073914073,-90.40447650149872,-53.99547027912922,106.81605897466555,108.89926665224414,108.7531947892793,0.0832267389176593,0.22929860188249052,108.7531947892793,0.22929860188249052,1.956000223601456,1.9770452461129688,0.02104502226982108,-2.4169177770261285e-10,1.9770452461129688,-2.4169177770261285e-10,105.72599595759854,107.53770653176608,1.0900630170670098,-0.7216475571005248,107.53770653176608,-0.7216475571005248
73,441970.8432777568,-109514.2261619826,1142110.674994416,19.44599421492201,-88.61993848503408,-52.87431510373448,107.8983655612513,1.267408176081028,2.666066149446252,2.493288895439423,2.429083956417065,17.184214750595856,-93.1956155213993,-55.02523022587411,109.58328317046141,108.86395531087389,108.66681289435961,-0.9655897496225947,-0.7684473331083126,108.66681289435961,-0.7684473331083126,1.9635855501577528,2.4290839491473264,0.46549840625931216,7.269738588888686e-09,2.4290839491473264,7.269738588888686e-09,105.5969157039604,108.92135537040998,3.986367466501008,0.6619278000514299,108.92135537040998,0.6619278000514299
74,441988.1872998085,-109605.0956636344,1142058.237735665,19.62833820368653,-89.73401112222203,-51.58874339430119,108.282077993811,1.939540612206236,-0.2075767950494924,2.518946292937462,1.690097799386963,17.34402205166407,-90.86950165180315,-52.437258751131594,106.33789323053561,108.83074866107873,108.59661298657045,-0.5486706672677286,-0.3145349927594481,108.59661298657045,-0.3145349927594481,1.9712492472685819,1.6900978043967991,-0.28115144788161883,-5.009836101521614e-09,1.6900978043967991,-5.009836101521614e-09,105.48254738956939,106.88291500300762,0.8553458409662227,-0.5450217724720119,106.88291500300762,-0.5450217724720119
75,442002.714215862,-109695.6820198351,1142003.846226348,19.12708149883431,-89.81703159213289,-50.85986761664739,108.59297347358,2.757206709832579,1.595098748895072,0.8933438588161287,0.7864808884499997,14.52691605349537,-90.58635620069981,-54.39150931686163,106.6553116610308,108.79967621396558,108.54618723920039,-0.20670274038558034,0.04678623437960994,108.54618723920039,0.04678623437960994,1.9789784140402462,0.7864809084750441,-1.1924975255902464,-2.0025044400462377e-08,0.7864809084750441,-2.0025044400462377e-08,105.38378401311496,106.4746050653986,1.271527647915832,0.18070659563218783,106.4746050653986,0.18070659563218783
76,442020.7527308231,-109786.8723100505,1141952.297911583,18.01492692720856,-91.78125468642219,-52.30254841814882,109.4438453524165,0.5840035003184083,2.433868378708457,2.204809899585013,2.627543960989743,18.0385149611393,-91.19029021539609,-51.54831476509571,106.29339493445863,108.77076748064138,108.51778442229008,0.6730778717751207,0.9260609301264253,108.51778442229008,0.9260609301264253,1.986760149579046,2.627543950422237,0.6407838114106972,1.0567505981384784e-08,2.627543950422237,1.0567505981384784e-08,105.30151857328653,106.94164316292597,0.9918763611721033,-0.6482482284673381,106.94164316292597,-0.6482482284673381
77,442039.392097407,-109880.9207692824,1141897.947857725,17.98255234056905,-89.45103161669249,-51.19749494024212,108.030655694093,1.958085663644153,0.5772781429885532,0.7162114805991353,1.987739557327883,18.639366583898664,-94.04845923189714,-54.35005385801196,110.21101135962584,108.74405197221306,108.51215630150332,-0.713396278120058,-0.4815006074103252,108.51215630150332,-0.4815006074103252,1.9945815529912827,1.98773955739187,-0.006841995663399603,-6.39868158458512e-11,1.98773955739187,-6.39868158458512e-11,105.2366440687735,109.27188384595257,4.974367290852342,0.9391275136732702,109.27188384595257,0.9391275136732702
78,442056.6696668448,-109970.5860292544,1141846.494066,19.17697344195699,-91.86852744571738,-51.51559577109681,107.2720310697089,1.551420828721155,2.227291311528543,1.155816174067713,3.162462339405562,17.27756943780696,-89.66525997199642,-51.4537917249836,104.81348164430918,108.71955919978757,108.52852016267971,-1.4475281300786662,-1.25648909297081,108.52852016267971,-1.25648909297081,2.002429723383258,3.162462319949432,1.160032616022304,1.9456130040396147e-08,3.162462319949432,1.9456130040396147e-08,105.19005349826531,105.90585451148978,-0.37657185395613624,-1.0923728671806003,105.90585451148978,-1.0923728671806003
79,442074.0577185223,-110064.7324003853,1141794.435108956,19.09430804813869,-90.24083681185527,-50.12874324874041,108.762590930696,0.5558448063041257,1.914992804770291,1.537791162190163,2.710064010749029,17.38805167749524,-94.1463711309043,-52.058957044035196,108.97714690140276,108.69731867447184,108.56463558508695,0.0652722562241621,0.19795534560905992,108.56463558508695,0.19795534560905992,2.0102917598612717,2.710063998810305,0.6997722508877571,1.1938723787352501e-08,2.710063998810305,1.1938723787352501e-08,105.16263986045138,108.23819903003096,3.8145070409513835,0.7389478713718063,108.23819903003096,0.7389478713718063
80,442090.7371838534,-110157.2963496427,1141744.632238165,18.63450597422774,-91.3560838719125,-50.08914781737346,109.0876342456881,1.504598467577319,0.7464954789714904,2.512891731089164,2.933518626324394,16.679465331078973,-92.56394925739733,-49.80287079093978,106.42657189290527,108.67735990737282,108.61698523532213,0.4102743383152756,0.4706490103659604,108.61698523532213,0.4706490103659604,2.018154761531626,2.933518610672573,0.9153638647927678,1.5651821172468772e-08,2.933518610672573,1.5651821172468772e-08,105.15529615402104,107.06812990860372,1.2712757388842277,-0.6415580156984504,107.06812990860372,-0.6415580156984504
81,442107.4465763169,-110249.9110549683,1141691.775883283,19.99161691251823,-91.62065791795368,-48.25330449730022,108.8952440762773,2.881541890423776,2.759880238047505,1.656355343107983,2.900303823467485,16.709392463497352,-92.61470532559906,-52.85635488200933,107.937397089515,108.65971240959742,108.68104245807531,0.23553166667987568,0.21420161820198302,108.68104245807531,0.21420161820198302,2.026005827500622,2.900303808367587,0.8742979959668631,1.5099897776593707e-08,2.900303808367587,1.5099897776593707e-08,105.16891537766386,107.5162145103321,2.7684817118511376,0.42118257918289714,107.5162145103321,0.42118257918289714
82,442125.7563678224,-110340.5767156455,1141642.048166745,19.52924877440152,-90.87878222982171,-50.32353446540617,108.3378722116632,2.836798099236679,0.3851354789969955,1.215258454988912,0.6489768761462115,18.309791505511384,-90.66566067720123,-49.727716537890956,105.0159810842213,108.6444056922526,108.75160319665252,-0.3065334805894082,-0.4137309849893285,108.75160319665252,-0.4137309849893285,2.033832056874561,0.6489768984561304,-1.3848551807283496,-2.2309918912277737e-08,0.6489768984561304,-2.2309918912277737e-08,105.20439053006913,105.62259066278452,-0.1884094458478387,-0.6066095785632228,105.62259066278452,-0.6066095785632228
83,442142.2690648143,-110433.5828996547,1141591.352560535,19.22834918329946,-91.95761834107645,-47.18037754964679,109.306290451204,1.237475448281371,1.899595357005649,3.012660044052109,2.497099262542956,16.512696991907433,-93.00618400920939,-50.6956062100362,107.20477561612881,108.6314692664453,108.82315650083164,0.6748211847587129,0.4831339503723626,108.82315650083164,0.4831339503723626,2.0416205487597443,2.497099254143022,0.4554787137832119,8.399934081637639e-09,2.497099254143022,8.399934081637639e-09,105.26261460992632,107.22328530621826,1.9421610062024968,-0.01850969008944503,107.22328530621826,-0.01850969008944503
84,442160.6165459222,-110528.5534141428,1141541.822715031,19.08897767090868,-90.89049922053121,-49.44823266122576,109.5243064423306,2.444706840430754,2.065222816596666,2.718606633189661,0.9622577969799334,18.347481107863132,-94.97051448810089,-49.52984550409019,108.67030082224406,108.62093264328243,108.89026661552211,0.9033737990481683,0.6340398268084897,108.89026661552211,0.6340398268084897,2.0493584022624716,0.9622578140841305,-1.0871006052825383,-1.7104197058692705e-08,0.9622578140841305,-1.7104197058692705e-08,105.34448061592485,108.36981705290897,3.3258202063192073,0.3004837693350879,108.36981705290897,0.3004837693350879
85,442179.2575896613,-110620.889477653,1141492.506031382,18.97918963028889,-92.31286540481496,-48.67908500707163,108.464630581964,0.797016700549312,2.354973899629302,1.366790417864378,2.232713244325123,18.641043739102315,-92.33606351019989,-49.31668364908546,106.32766536695314,108.61282533387097,108.94794028565694,-0.14819475190697062,-0.4833097036929388,108.94794028565694,-0.4833097036929388,2.0570327164890463,2.232713240318435,0.1756805278360769,4.006688314461826e-09,2.232713240318435,4.006688314461826e-09,105.45088154675409,106.88697612028307,0.8767838201990514,-0.5593107533299246,106.88697612028307,-0.5593107533299246
86,442196.0170034571,-110716.6017945379,1141444.054391646,19.9590261785286,-93.244348248239,-48.19913392534421,108.4562639921534,0.6378227171138895,0.8024410007028917,1.132216733018532,1.630813869203617,16.759413795836736,-95.71231688489206,-48.4516397358384,108.57848289300026,108.60717684931782,108.99195524051474,-0.15091285716442826,-0.5356912483613456,108.99195524051474,-0.5356912483613456,2.064630590545769,1.6308138751985612,-0.433816721342152,-5.994944318743478e-09,1.6308138751985612,-5.994944318743478e-09,105.58271040110347,108.05989946194961,2.995772491896787,0.5185834310506436,108.05989946194961,0.5185834310506436
87,442212.9345856801,-110808.3083621874,1141394.70610402,18.90250529450381,-91.71094068035127,-47.93415386769284,110.0857942645857,1.204301003187393,0.5787317397737753,2.910435760948176,2.410494461608605,16.917582222959027,-91.70656764949672,-49.34828762616962,105.50617342107267,108.60401670072994,109.01912953561425,1.4817775638557578,1.0666647289714462,109.01912953561425,1.0666647289714462,2.072139123538939,2.4104944546477642,0.338355338069666,6.9608407926580185e-09,2.4104944546477642,6.9608407926580185e-09,105.74086017766243,106.19312618620965,-0.23468675658975258,-0.6869527651369793,106.19312618620965,-0.6869527651369793
88,442231.224973277,-110904.2376981126,1141347.919154595,20.03169126679614,-92.74660331893578,-45.35022501435638,108.2000116770694,1.412792469439387,0.4150577130875965,1.385071265986579,2.942136354371329,18.290387596935034,-95.92933592520421,-46.78694942500442,108.28663078143447,108.60337439921426,109.02751619015662,-0.4033627221448626,-0.8275045130872201,109.02751619015662,-0.8275045130872201,2.07954541457486,2.942136338576309,0.8625909397964686,1.5795019958630974e-08,2.942136338576309,1.5795019958630974e-08,105.9262238751204,107.9771408822974,2.3604069063140685,0.3094898991370627,107.9771408822974,0.3094898991370627
89,442247.5674847908,-110997.7369451796,1141298.509864344,17.96479926408168,-92.26200134463207,-45.64629312315891,108.65610328398,0.8614029566169483,1.337553720823513,2.339223897314004,3.27882076469521,16.342511513794307,-93.49924706699676,-49.40929025085643,107.00684486408885,108.6052794558777,109.01651300543594,0.050823828102295465,-0.3604097214559374,109.01651300543594,-0.3604097214559374,2.086836562759832,3.278820743305577,1.191984201935378,2.138963273168315e-08,3.278820743305577,2.138963273168315e-08,106.1396944921668,107.07311504495551,0.867150371922051,-0.0662701808666668,107.07311504495551,-0.0662701808666668
90,442265.652312741,-111091.6671054425,1141253.879069388,18.89953372539499,-92.57121770337083,-46.97422632818159,109.7882251065498,1.558432163807375,2.613372303470026,1.495244334168644,0.9227363513024374,18.084827950166073,-93.93016026289843,-44.630794956116006,105.5549329373846,108.60976138182724,108.98688323290678,1.1784637247225618,0.8013418736430253,108.98688323290678,0.8013418736430253,2.093999667200156,0.9227363690633541,-1.1712633158977188,-1.776091673733049e-08,0.9227363690633541,-1.776091673733049e-08,106.38216502749094,106.1235934701874,-0.8272320901063352,-0.5686605328027952,106.1235934701874,-0.5686605328027952
91,442284.6422245946,-111187.7362805263,1141205.26846019,20.43375234267869,-94.74564030999697,-46.61106588666441,107.3446060271108,2.79864674325694,1.616118675455676,1.884752848177064,3.139419468047455,18.989911853626836,-96.06917508380138,-48.610609197989106,109.32929378757655,108.61684968816978,108.9406885455916,-1.2722436610589796,-1.5960825184807987,108.9406885455916,-1.5960825184807987,2.1010218270021332,3.139419448974224,1.038397641045322,1.9073230994592905e-08,3.139419448974224,1.9073230994592905e-08,106.65452847978239,108.76899079763149,2.6747653077941607,0.5603029899450576,108.76899079763149,0.5603029899450576
92,442302.7564334605,-111282.478549004,1141159.862290144,20.691670068752,-92.63283528198978,-45.5645107044697,109.9135468120575,0.9586424116427393,1.054280341952604,1.85761614865227,1.224962555632887,18.11420886591077,-94.74226847769751,-45.40617004595697,106.61117332334504,108.62657388601227,108.88114124263598,1.2869729260452374,1.0324055694215275,108.88114124263598,1.0324055694215275,2.107890141272065,1.2249625683717755,-0.8829275856391781,-1.2738888610641652e-08,1.2249625683717755,-1.2738888610641652e-08,106.95767784773045,107.05520424885208,-0.34650452438540924,-0.44403092550703605,107.05520424885208,-0.44403092550703605
93,442318.6583688251,-111376.549617114,1141111.990451395,18.40378887663928,-94.49935714336561,-45.67459854006009,109.1713653474739,2.052033273271368,1.689570737804218,1.977814045462475,0.4872942270647139,15.90193536458537,-94.07106811000267,-47.87183874892071,106.74244867389393,108.63896348646163,108.81238749950201,0.5324018610122607,0.3589778479718859,108.81238749950201,0.3589778479718859,2.1145917091162523,0.4872942520612791,-1.6272974820515382,-2.4996565151091943e-08,0.4872942520612791,-2.4996565151091943e-08,107.29250613002458,106.64689232909693,-0.550057456130645,0.09555634479700359,106.64689232909693,0.09555634479700359
94,442337.5963321452,-111471.9095474919,1141067.751409629,20.07558723654288,-94.94875513936248,-44.98905367591293,108.7839203141517,1.534879168979927,0.3799465143136937,2.721111920379386,1.492352740420235,18.937963320116978,-95.35993037790467,-44.239041766151786,106.81411701072216,108.65404800062484,108.73923750972389,0.12987231352686024,0.04468280442780781,108.73923750972389,0.04468280442780781,2.121113629640997,1.4923527487159582,-0.6287608892207619,-8.295723219475803e-09,1.4923527487159582,-8.295723219475803e-09,107.6599063253542,107.28104497335448,-0.845789314632043,-0.46692796263232594,107.28104497335448,-0.46692796263232594
95,442353.91466083,-111568.9324713899,1141020.347129927,17.79996736080709,-94.2787546609404,-44.65777233287052,109.6107059213504,2.730887008327435,2.644462039641908,3.016824786208932,2.103668458934732,16.318328684777953,-97.0229238979955,-47.404279701877385,109.21035366133789,108.6718569396088,108.66686132720888,0.9388489817416001,0.9438445941415239,108.66686132720888,0.9438445941415239,2.1274430019526007,2.103668457072353,-0.023774543017868854,1.862378695705047e-09,2.103668457072353,1.862378695705047e-09,108.06077143240873,108.46216250915299,1.1495822289291624,0.7481911521849014,108.46216250915299,0.7481911521849014
96,442371.2084232604,-111661.7881224347,1140976.90889009,18.73446743352535,-93.12584424820179,-43.30625892722897,108.1708747725747,2.122243896525163,1.002731339488178,0.4211382237690307,3.025056048887575,17.293762430432253,-92.8556510447961,-43.43823983706534,103.96214133084978,108.69241981452046,108.6004709349281,-0.5215450419457568,-0.42959616235339126,108.6004709349281,-0.42959616235339126,2.133566925157363,3.025056031714696,0.8914891237302123,1.7172879118732e-08,3.025056031714696,1.7172879118732e-08,108.49599444987754,105.11297163330775,-4.533853119027768,-1.150830302457976,105.11297163330775,-1.150830302457976
97,442389.634892211,-111760.0349509278,1140932.314024935,18.13612905244479,-94.12778184678935,-44.4041691002206,108.6033620216677,0.07796942074941889,1.499199524913897,2.007249510971522,0.977060315763886,18.426468950579874,-98.2468284931092,-44.594865154940635,109.4562746722564,108.71576613646677,108.54500942097171,-0.11240411479906243,0.058352600695997126,108.54500942097171,0.058352600695997126,2.139472498361585,0.977060332622113,-1.162412182597699,-1.68582270365647e-08,0.977060332622113,-1.68582270365647e-08,108.96646837645011,108.75696251449838,0.4898062958062894,0.6993121577580155,108.75696251449838,0.6993121577580155
98,442406.4766888951,-111855.73176539,1140886.692008085,19.47268994106327,-94.99163901995438,-43.6851099437911,107.4447415314772,1.84865669847568,1.876787969066794,2.949777906465494,2.962436185053418,16.841796684078872,-95.69681446219329,-45.622016849927604,107.3447475902495,108.74192541655464,108.50486709817433,-1.2971838850774304,-1.060125566697124,108.50486709817433,-1.060125566697124,2.14514682067157,2.96243616892108,0.8172893643818484,1.6132338132024415e-08,2.96243616892108,1.6132338132024415e-08,109.47308621081581,107.54763518800306,-2.1283386205663106,-0.20288759775355913,107.54763518800306,-0.20288759775355913
99,442426.7312355461,-111950.5405570596,1140843.631532716,19.22173624186591,-95.77701771675618,-42.53873691326851,108.4570989148055,0.96714568530542,0.6482538620040796,2.863004720498689,3.002156129715298,20.254546651034616,-94.80879166960949,-43.060475368984044,106.0809039219276,108.77092716589102,108.48364201346882,-0.3138282510855248,-0.026543098663324827,108.48364201346882,-0.026543098663324827,2.1505769911936166,3.002156112922942,0.8515791385216813,1.6792355950201454e-08,3.002156112922942,1.6792355950201454e-08,110.0167409516641,106.50434822232491,-3.935837029736504,-0.42344430039730696,106.50434822232491,-0.42344430039730696
100,442443.9660521729,-112048.9410984361,1140799.951470489,18.33622916502787,-93.93055072221432,-41.05777340081017,107.182377546831,0.1249113949171191,1.835216832811521,2.292595645712342,0.7871136458813919,17.23481662676204,-98.40054137649713,-43.68006222718395,109.03051537765242,108.80280089558286,108.48395871456754,-1.6204233487518565,-1.3015811677365292,108.48395871456754,-1.3015811677365292,2.155750109034028,0.7871136658959219,-1.368636463152636,-2.0014530033307665e-08,0.7871136658959219,-2.0014530033307665e-08,110.59832559768435,108.53859853165035,-1.5678102200319302,0.49191684600207,108.53859853165035,0.49191684600207
101,442461.2955101536,-112144.4941787165,1140757.700216915,20.54007641392163,-95.40117601483698,-41.80388332815593,109.7833196451414,2.206233422624266,0.8777733432228558,3.142984932545504,3.126672908769379,17.329457980697043,-95.55308028039872,-42.25125357392244,105.90500315634273,108.83757611673708,108.50735463274135,0.9457435284043214,1.2759650124000501,108.50735463274135,1.2759650124000501,2.1606532732991046,3.1266728899079546,0.9660196354702744,1.8861424422311757e-08,3.1266728899079546,1.8861424422311757e-08,111.21873314756593,106.41132031782982,-5.313729991223198,-0.5063171614870896,106.41132031782982,-0.5063171614870896
